fullname,surname,name,patronim
Володимир Зеленський,Зеленський,Володимир,Олександрович
Володимир Зеленський,Зеленського,Володимира,Олександровича
Володимир Зеленський,Зеленському,Володимирові,Олександровичу
Володимир Зеленський,Зеленському,Володимиру,Олександровичу
Володимир Зеленський,Зеленським,Володимиром,Олександровичем
Петро Порошенко,Порошенко,Петро,Олексійович
Петро Порошенко,Порошенка,Петра,Олексійовича
Петро Порошенко,Порошенку,Петру,Олексійовичу
Петро Порошенко,Порошенку,Петрові,Олексійовичу
Петро Порошенко,Порошенкові,Петру,Олексійовичу
Петро Порошенко,Порошенкові,Петрові,Олексійовичу
Петро Порошенко,Порошенком,Петром,Олексійовичем
Петро Порошенко,Порошенкові,Петрі,Олексійовичу
Петро Порошенко,Порошенку,Петрі,Олексійовичу
Віктор Янукович,Янукович,Віктор,Федорович
Віктор Янукович,Януковича,Віктора,Федоровича
Віктор Янукович,Януковичеві,Вікторові,Федоровичу
Віктор Янукович,Януковичеві,Віктору,Федоровичу
Віктор Янукович,Януковичу,Вікторові,Федоровичу
Віктор Янукович,Януковичу,Віктору,Федоровичу
Віктор Янукович,Януковичем,Віктором,Федоровичем
Віктор Янукович,Януковичі,Вікторові,Федоровичу
Віктор Янукович,Януковичі,Віктору,Федоровичу
Леонід Кучма,Кучма,Леонід,Данилович
Леонід Кучма,Кучми,Леоніда,Даниловича
Леонід Кучма,Кучмі,Леонідові,Даниловичу
Леонід Кучма,Кучмі,Леоніду,Даниловичу
Леонід Кучма,Кучму,Леоніда,Даниловича
Леонід Кучма,Кучмою,Леонідом,Даниловичем
Леонід Кучма,Кучмi,Леонідові,Даниловичу
Леонід Кучма,Кучмi,Леоніду,Даниловичу
Ірина Венедіктова,Венедіктова,Ірина,Валентинівна
Ірина Венедіктова,Венедіктови,Ірини,Валентинівни
Ірина Венедіктова,Венедіктові,Ірині,Валентинівні
Ірина Венедіктова,Венедіктову,Ірину,Валентинівну
Ірина Венедіктова,Венедіктовою,Іриною,Валентинівною
Ірина Венедіктова,Венедіктовi,Іринi,Валентинівні
Арсен Аваков,Аваков,Арсен,Борисович
Арсен Аваков,Авакова,Арсена,Борисовича
Арсен Аваков,Авакову,Арсенові,Борисовичу
Арсен Аваков,Авакову,Арсену,Борисовичу
Арсен Аваков,Аваковим,Арсеном,Борисовичем
Арсен Аваков,Авакові,Арсенові,Борисовичу
Арсен Аваков,Авакові,Арсену,Борисовичу
Ілля Ємець,Ємець,Ілля,Миколайович
Ілля Ємець,Ємця,Іллі,Миколайовича
Ілля Ємець,Ємцеві,Іллі,Миколайовичу
Ілля Ємець,Ємцю,Іллі,Миколайовичу
Ілля Ємець,Ємця,Іллю,Миколайовича
Ілля Ємець,Ємцем,Іллею,Миколайовичем
Ілля Ємець,Ємеві,Іллі,Миколайовичу
Ілля Ємець,Ємці,Іллі,Миколайовичу
Максим Степанов,Степанов,Максим,Володимирович
Максим Степанов,Степанова,Максима,Володимировича
Максим Степанов,Степанову,Максимові,Володимировичу
Максим Степанов,Степанову,Максиму,Володимировичу
Максим Степанов,Степановим,Максимом,Володимировичем
Максим Степанов,Степанові,Максимові,Володимировичу
Максим Степанов,Степанові,Максиму,Володимировичу
Ігор Уманський,Уманський,Ігор,Іванович
Ігор Уманський,Уманського,Ігоря,Івановича
Ігор Уманський,Уманському,Ігорю,Івановичу
Ігор Уманський,Уманському,Ігореві,Івановичу
Ігор Уманський,Уманським,Ігорем,Івановичем
Ігор Уманський,Уманському,Ігорі,Івановичу
Сергій Марченко,Марченко,Сергій,Михайлович
Сергій Марченко,Марченка,Сергія,Михайловича
Сергій Марченко,Марченку,Сергію,Михайловичу
Сергій Марченко,Марченку,Сергієві,Михайловичу
Сергій Марченко,Марченкові,Сергію,Михайловичу
Сергій Марченко,Марченкові,Сергієві,Михайловичу
Сергій Марченко,Марченком,Сергієм,Михайловичем
Сергій Марченко,Марченкові,Сергії,Михайловичу
Сергій Марченко,Марченку,Сергії,Михайловичу
Михайло Федоров,Федоров,Михайло,Альбертович
Михайло Федоров,Федорова,Михайла,Альбертовича
Михайло Федоров,Федорову,Михайлу,Альбертовичу
Михайло Федоров,Федорову,Михайлові,Альбертовичу
Михайло Федоров,Федоровим,Михайлом,Альбертовичем
Михайло Федоров,Федорові,Михайлові,Альбертовичу
Михайло Федоров,Федорові,Михайлі,Альбертовичу
Михайло Федоров,Федорову,Михайлі,Альбертовичу
Юлія Тимошенко,Тимошенко,Юлія,Володимирівна
Юлія Тимошенко,Тимошенко,Юлії,Володимирівни
Юлія Тимошенко,Тимошенко,Юлії,Володимирівні
Юлія Тимошенко,Тимошенко,Юлію,Володимирівну
Юлія Тимошенко,Тимошенко,Юлією,Володимирівною
Микола Тищенко,Тищенко,Микола,Миколайович
Микола Тищенко,Тищенко,Миколи,Миколайовича
Микола Тищенко,Тищенко,Миколі,Миколайовичу
Микола Тищенко,Тищенко,Миколу,Миколайовича
Микола Тищенко,Тищенко,Миколою,Миколайовичем
Микола Тищенко,Тищенко,Миколi,Миколайовичу
Олександр Дубінський,Дубінський,Олександр,Анатолійович
Олександр Дубінський,Дубінського,Олександра,Анатолійовича
Олександр Дубінський,Дубінському,Олександрові,Анатолійовичу
Олександр Дубінський,Дубінському,Олександру,Анатолійовичу
Олександр Дубінський,Дубінським,Олександром,Анатолійовичем
Давид Арахамія,Арахамія,Давид,Георгійович
Давид Арахамія,Арахамії,Давида,Георгійовича
Давид Арахамія,Арахамії,Давидові,Георгійовичу
Давид Арахамія,Арахамії,Давиду,Георгійовичу
Давид Арахамія,Арахамію,Давида,Георгійовича
Давид Арахамія,Арахамією,Давидом,Георгійовичем
Віктор Медведчук,Медведчук,Віктор,Володимирович
Віктор Медведчук,Медведчука,Віктора,Володимировича
Віктор Медведчук,Медведчукові,Вікторові,Володимировичу
Віктор Медведчук,Медведчукові,Віктору,Володимировичу
Віктор Медведчук,Медведчуку,Вікторові,Володимировичу
Віктор Медведчук,Медведчуку,Віктору,Володимировичу
Віктор Медведчук,Медведчуком,Віктором,Володимировичем
Міхеіл Саакашвілі,Саакашвілі,Міхеіл,
Міхеіл Саакашвілі,Саакашвілі,Міхеіла,
Міхеіл Саакашвілі,Саакашвілі,Міхеілові,
Міхеіл Саакашвілі,Саакашвілі,Міхеілу,
Міхеіл Саакашвілі,Саакашвілі,Міхеілом,
Святослав Вакарчук,Вакарчук,Святослав,Іванович
Святослав Вакарчук,Вакарчука,Святослава,Івановича
Святослав Вакарчук,Вакарчукові,Святославові,Івановичу
Святослав Вакарчук,Вакарчукові,Святославу,Івановичу
Святослав Вакарчук,Вакарчуку,Святославові,Івановичу
Святослав Вакарчук,Вакарчуку,Святославу,Івановичу
Святослав Вакарчук,Вакарчуком,Святославом,Івановичем
Вадим Рабінович,Рабінович,Вадим,Зіновійович
Вадим Рабінович,Рабіновича,Вадима,Зіновійовича
Вадим Рабінович,Рабіновичеві,Вадимові,Зіновійовичу
Вадим Рабінович,Рабіновичеві,Вадиму,Зіновійовичу
Вадим Рабінович,Рабіновичу,Вадимові,Зіновійовичу
Вадим Рабінович,Рабіновичу,Вадиму,Зіновійовичу
Вадим Рабінович,Рабіновичем,Вадимом,Зіновійовичем
Вадим Рабінович,Рабіновичі,Вадимові,Зіновійовичу
Вадим Рабінович,Рабіновичі,Вадиму,Зіновійовичу
Олексій Гончаренко,Гончаренко,Олексій,Олексійович
Олексій Гончаренко,Гончаренка,Олексія,Олексійовича
Олексій Гончаренко,Гончаренку,Олексію,Олексійовичу
Олексій Гончаренко,Гончаренку,Олексієві,Олексійовичу
Олексій Гончаренко,Гончаренкові,Олексію,Олексійовичу
Олексій Гончаренко,Гончаренкові,Олексієві,Олексійовичу
Олексій Гончаренко,Гончаренком,Олексієм,Олексійовичем
Олексій Гончаренко,Гончаренкові,Олексії,Олексійовичу
Олексій Гончаренко,Гончаренку,Олексії,Олексійовичу
Віталій Кличко,Кличко,Віталій,Володимирович
Віталій Кличко,Кличка,Віталія,Володимировича
Віталій Кличко,Кличку,Віталію,Володимировичу
Віталій Кличко,Кличку,Віталієві,Володимировичу
Віталій Кличко,Кличкові,Віталію,Володимировичу
Віталій Кличко,Кличкові,Віталієві,Володимировичу
Віталій Кличко,Кличком,Віталієм,Володимировичем
Віталій Кличко,Кличкові,Віталії,Володимировичу
Віталій Кличко,Кличку,Віталії,Володимировичу
Юрій Бойко,Бойко,Юрій,Анатолійович
Юрій Бойко,Бойка,Юрія,Анатолійовича
Юрій Бойко,Бойку,Юрію,Анатолійовичу
Юрій Бойко,Бойку,Юрієві,Анатолійовичу
Юрій Бойко,Бойкові,Юрію,Анатолійовичу
Юрій Бойко,Бойкові,Юрієві,Анатолійовичу
Юрій Бойко,Бойком,Юрієм,Анатолійовичем
Юрій Бойко,Бойкові,Юрії,Анатолійовичу
Юрій Бойко,Бойку,Юрії,Анатолійовичу
Ігор Коломойський,Коломойський,Ігор,Валерійович
Ігор Коломойський,Коломойського,Ігоря,Валерійовича
Ігор Коломойський,Коломойському,Ігорю,Валерійовичу
Ігор Коломойський,Коломойському,Ігореві,Валерійовичу
Ігор Коломойський,Коломойським,Ігорем,Валерійовичем
Ігор Коломойський,Коломойському,Ігорі,Валерійовичу
Рінат Ахметов,Ахметов,Рінат,Леонідович
Рінат Ахметов,Ахметова,Ріната,Леонідовича
Рінат Ахметов,Ахметову,Рінатові,Леонідовичу
Рінат Ахметов,Ахметову,Рінату,Леонідовичу
Рінат Ахметов,Ахметовим,Рінатом,Леонідовичем
Рінат Ахметов,Ахметові,Рінатові,Леонідовичу
Рінат Ахметов,Ахметові,Рінату,Леонідовичу
Уляна Супрун,Супрун,Уляна,
Уляна Супрун,Супрун,Уляни,
Уляна Супрун,Супрун,Уляні,
Уляна Супрун,Супрун,Уляну,
Уляна Супрун,Супрун,Уляною,
Уляна Супрун,Супрун,Улянi,
Дмитро Разумков,Разумков,Дмитро,Олександрович
Дмитро Разумков,Разумкова,Дмитра,Олександровича
Дмитро Разумков,Разумкову,Дмитру,Олександровичу
Дмитро Разумков,Разумкову,Дмитрові,Олександровичу
Дмитро Разумков,Разумковим,Дмитром,Олександровичем
Дмитро Разумков,Разумкові,Дмитрові,Олександровичу
Дмитро Разумков,Разумкові,Дмитрі,Олександровичу
Дмитро Разумков,Разумкову,Дмитрі,Олександровичу
Віктор Ляшко,Ляшко,Віктор,Кирилович
Віктор Ляшко,Ляшка,Віктора,Кириловича
Віктор Ляшко,Ляшку,Вікторові,Кириловичу
Віктор Ляшко,Ляшку,Віктору,Кириловичу
Віктор Ляшко,Ляшкові,Вікторові,Кириловичу
Віктор Ляшко,Ляшкові,Віктору,Кириловичу
Віктор Ляшко,Ляшком,Віктором,Кириловичем
Андрій Єрмак,Єрмак,Андрій,Борисович
Андрій Єрмак,Єрмака,Андрія,Борисовича
Андрій Єрмак,Єрмакові,Андрію,Борисовичу
Андрій Єрмак,Єрмакові,Андрієві,Борисовичу
Андрій Єрмак,Єрмаку,Андрію,Борисовичу
Андрій Єрмак,Єрмаку,Андрієві,Борисовичу
Андрій Єрмак,Єрмаком,Андрієм,Борисовичем
Андрій Єрмак,Єрмакові,Андрії,Борисовичу
Андрій Єрмак,Єрмаку,Андрії,Борисовичу
Гео Лерос,Лерос,Гео,Багратович
Гео Лерос,Лероса,Гео,Багратовича
Гео Лерос,Леросові,Гео,Багратовичу
Гео Лерос,Леросу,Гео,Багратовичу
Гео Лерос,Леросом,Гео,Багратовичем
Іван Баканов,Баканов,Іван,Геннадійович
Іван Баканов,Баканова,Івана,Геннадійовича
Іван Баканов,Баканову,Іванові,Геннадійовичу
Іван Баканов,Баканову,Івану,Геннадійовичу
Іван Баканов,Бакановим,Іваном,Геннадійовичем
Іван Баканов,Баканові,Іванові,Геннадійовичу
Іван Баканов,Баканові,Івану,Геннадійовичу
Олександр Соколов,Соколов,Олександр,Володимирович
Олександр Соколов,Соколова,Олександра,Володимировича
Олександр Соколов,Соколову,Олександрові,Володимировичу
Олександр Соколов,Соколову,Олександру,Володимировичу
Олександр Соколов,Соколовим,Олександром,Володимировичем
Олександр Соколов,Соколові,Олександрові,Володимировичу
Олександр Соколов,Соколові,Олександру,Володимировичу
Олександр Бабіков,Бабіков,Олександр,Петрович
Олександр Бабіков,Бабікова,Олександра,Петровича
Олександр Бабіков,Бабікову,Олександрові,Петровичу
Олександр Бабіков,Бабікову,Олександру,Петровичу
Олександр Бабіков,Бабіковим,Олександром,Петровичем
Олександр Бабіков,Бабікові,Олександрові,Петровичу
Олександр Бабіков,Бабікові,Олександру,Петровичу
Артем Ситник,Ситник,Артем,Сергійович
Артем Ситник,Ситника,Артема,Сергійовича
Артем Ситник,Ситникові,Артемові,Сергійовичу
Артем Ситник,Ситникові,Артему,Сергійовичу
Артем Ситник,Ситнику,Артемові,Сергійовичу
Артем Ситник,Ситнику,Артему,Сергійовичу
Артем Ситник,Ситником,Артемом,Сергійовичем
Назар Холодницький,Холодницький,Назар,Іванович
Назар Холодницький,Холодницького,Назара,Івановича
Назар Холодницький,Холодницькому,Назарові,Івановичу
Назар Холодницький,Холодницькому,Назару,Івановичу
Назар Холодницький,Холодницьким,Назаром,Івановичем
Руслан Рябошапка,Рябошапка,Руслан,Георгійович
Руслан Рябошапка,Рябошапки,Руслана,Георгійовича
Руслан Рябошапка,Рябошапці,Русланові,Георгійовичу
Руслан Рябошапка,Рябошапці,Руслану,Георгійовичу
Руслан Рябошапка,Рябошапку,Руслана,Георгійовича
Руслан Рябошапка,Рябошапкою,Русланом,Георгійовичем
Андрій Богдан,Богдан,Андрій,Йосипович
Андрій Богдан,Богдана,Андрія,Йосиповича
Андрій Богдан,Богданові,Андрію,Йосиповичу
Андрій Богдан,Богданові,Андрієві,Йосиповичу
Андрій Богдан,Богдану,Андрію,Йосиповичу
Андрій Богдан,Богдану,Андрієві,Йосиповичу
Андрій Богдан,Богданом,Андрієм,Йосиповичем
Андрій Богдан,Богданові,Андрії,Йосиповичу
Андрій Богдан,Богдану,Андрії,Йосиповичу
Яків Смолій,Смолій,Яків,Васильович
Яків Смолій,Смолія,Яківа,Васильовича
Яків Смолій,Смолію,Яківові,Васильовичу
Яків Смолій,Смолію,Яківу,Васильовичу
Яків Смолій,Смолієві,Яківові,Васильовичу
Яків Смолій,Смолієві,Яківу,Васильовичу
Яків Смолій,Смолієм,Яківом,Васильовичем
Яків Смолій,Смолії,Яківові,Васильовичу
Яків Смолій,Смолії,Яківу,Васильовичу
Андрій Коболєв,Коболєв,Андрій,Володимирович
Андрій Коболєв,Коболєва,Андрія,Володимировича
Андрій Коболєв,Коболєвові,Андрію,Володимировичу
Андрій Коболєв,Коболєвові,Андрієві,Володимировичу
Андрій Коболєв,Коболєву,Андрію,Володимировичу
Андрій Коболєв,Коболєву,Андрієві,Володимировичу
Андрій Коболєв,Коболєвом,Андрієм,Володимировичем
Андрій Коболєв,Коболєвові,Андрії,Володимировичу
Андрій Коболєв,Коболєву,Андрії,Володимировичу
Вадим Новинський,Новинський,Вадим,Владиславович
Вадим Новинський,Новинського,Вадима,Владиславовича
Вадим Новинський,Новинському,Вадимові,Владиславовичу
Вадим Новинський,Новинському,Вадиму,Владиславовичу
Вадим Новинський,Новинським,Вадимом,Владиславовичем
Наталія Королевська,Королевська,Наталія,Юріївна
Наталія Королевська,Королевської,Наталії,Юріївни
Наталія Королевська,Королевській,Наталії,Юріївні
Наталія Королевська,Королевську,Наталію,Юріївну
Наталія Королевська,Королевською,Наталією,Юріївною
Нестор Шуфрич,Шуфрич,Нестор,Іванович
Нестор Шуфрич,Шуфрича,Нестора,Івановича
Нестор Шуфрич,Шуфричеві,Несторові,Івановичу
Нестор Шуфрич,Шуфричеві,Нестору,Івановичу
Нестор Шуфрич,Шуфричу,Несторові,Івановичу
Нестор Шуфрич,Шуфричу,Нестору,Івановичу
Нестор Шуфрич,Шуфричем,Нестором,Івановичем
Нестор Шуфрич,Шуфричі,Несторові,Івановичу
Нестор Шуфрич,Шуфричі,Нестору,Івановичу
Максим Нефьодов,Нефьодов,Максим,Євгенович
Максим Нефьодов,Нефьодова,Максима,Євгеновича
Максим Нефьодов,Нефьодову,Максимові,Євгеновичу
Максим Нефьодов,Нефьодову,Максиму,Євгеновичу
Максим Нефьодов,Нефьодовим,Максимом,Євгеновичем
Максим Нефьодов,Нефьодові,Максимові,Євгеновичу
Максим Нефьодов,Нефьодові,Максиму,Євгеновичу
Сергій Верланов,Верланов,Сергій,Олексійович
Сергій Верланов,Верланова,Сергія,Олексійовича
Сергій Верланов,Верланову,Сергію,Олексійовичу
Сергій Верланов,Верланову,Сергієві,Олексійовичу
Сергій Верланов,Верлановим,Сергієм,Олексійовичем
Сергій Верланов,Верланові,Сергієві,Олексійовичу
Сергій Верланов,Верланові,Сергії,Олексійовичу
Сергій Верланов,Верланову,Сергії,Олексійовичу
Сергій Трофімов,Трофімов,Сергій,Володимирович
Сергій Трофімов,Трофімова,Сергія,Володимировича
Сергій Трофімов,Трофімову,Сергію,Володимировичу
Сергій Трофімов,Трофімову,Сергієві,Володимировичу
Сергій Трофімов,Трофімовим,Сергієм,Володимировичем
Сергій Трофімов,Трофімові,Сергієві,Володимировичу
Сергій Трофімов,Трофімові,Сергії,Володимировичу
Сергій Трофімов,Трофімову,Сергії,Володимировичу
Вадим Пристайко,Пристайко,Вадим,Володимирович
Вадим Пристайко,Пристайка,Вадима,Володимировича
Вадим Пристайко,Пристайку,Вадимові,Володимировичу
Вадим Пристайко,Пристайку,Вадиму,Володимировичу
Вадим Пристайко,Пристайкові,Вадимові,Володимировичу
Вадим Пристайко,Пристайкові,Вадиму,Володимировичу
Вадим Пристайко,Пристайком,Вадимом,Володимировичем
Андрій Портнов,Портнов,Андрій,Володимирович
Андрій Портнов,Портнова,Андрія,Володимировича
Андрій Портнов,Портнову,Андрію,Володимировичу
Андрій Портнов,Портнову,Андрієві,Володимировичу
Андрій Портнов,Портновим,Андрієм,Володимировичем
Андрій Портнов,Портнові,Андрієві,Володимировичу
Андрій Портнов,Портнові,Андрії,Володимировичу
Андрій Портнов,Портнову,Андрії,Володимировичу
Владислав Криклій,Криклій,Владислав,Артурович
Владислав Криклій,Криклія,Владислава,Артуровича
Владислав Криклій,Криклію,Владиславові,Артуровичу
Владислав Криклій,Криклію,Владиславу,Артуровичу
Владислав Криклій,Криклієві,Владиславові,Артуровичу
Владислав Криклій,Криклієві,Владиславу,Артуровичу
Владислав Криклій,Криклієм,Владиславом,Артуровичем
Владислав Криклій,Криклії,Владиславові,Артуровичу
Владислав Криклій,Криклії,Владиславу,Артуровичу
Сергій Шефір,Шефір,Сергій,Нахманович
Сергій Шефір,Шефіра,Сергія,Нахмановича
Сергій Шефір,Шефірові,Сергію,Нахмановичу
Сергій Шефір,Шефірові,Сергієві,Нахмановичу
Сергій Шефір,Шефіру,Сергію,Нахмановичу
Сергій Шефір,Шефіру,Сергієві,Нахмановичу
Сергій Шефір,Шефіром,Сергієм,Нахмановичем
Сергій Шефір,Шефірові,Сергії,Нахмановичу
Сергій Шефір,Шефіру,Сергії,Нахмановичу
Олександр Ткаченко,Ткаченко,Олександр,Владиславович
Олександр Ткаченко,Ткаченка,Олександра,Владиславовича
Олександр Ткаченко,Ткаченку,Олександрові,Владиславовичу
Олександр Ткаченко,Ткаченку,Олександру,Владиславовичу
Олександр Ткаченко,Ткаченкові,Олександрові,Владиславовичу
Олександр Ткаченко,Ткаченкові,Олександру,Владиславовичу
Олександр Ткаченко,Ткаченком,Олександром,Владиславовичем
Олександр Данилюк,Данилюк,Олександр,Олександрович
Олександр Данилюк,Данилюка,Олександра,Олександровича
Олександр Данилюк,Данилюкові,Олександрові,Олександровичу
Олександр Данилюк,Данилюкові,Олександру,Олександровичу
Олександр Данилюк,Данилюку,Олександрові,Олександровичу
Олександр Данилюк,Данилюку,Олександру,Олександровичу
Олександр Данилюк,Данилюком,Олександром,Олександровичем
Руслан Хомчак,Хомчак,Руслан,Борисович
Руслан Хомчак,Хомчака,Руслана,Борисовича
Руслан Хомчак,Хомчакові,Русланові,Борисовичу
Руслан Хомчак,Хомчакові,Руслану,Борисовичу
Руслан Хомчак,Хомчаку,Русланові,Борисовичу
Руслан Хомчак,Хомчаку,Руслану,Борисовичу
Руслан Хомчак,Хомчаком,Русланом,Борисовичем
Олексій Данілов,Данілов,Олексій,Мячеславович
Олексій Данілов,Данілова,Олексія,Мячеславовича
Олексій Данілов,Данілову,Олексію,Мячеславовичу
Олексій Данілов,Данілову,Олексієві,Мячеславовичу
Олексій Данілов,Даніловим,Олексієм,Мячеславовичем
Олексій Данілов,Данілові,Олексієві,Мячеславовичу
Олексій Данілов,Данілові,Олексії,Мячеславовичу
Олексій Данілов,Данілову,Олексії,Мячеславовичу
Андрій Герус,Герус,Андрій,Михайлович
Андрій Герус,Геруса,Андрія,Михайловича
Андрій Герус,Герусові,Андрію,Михайловичу
Андрій Герус,Герусові,Андрієві,Михайловичу
Андрій Герус,Герусу,Андрію,Михайловичу
Андрій Герус,Герусу,Андрієві,Михайловичу
Андрій Герус,Герусом,Андрієм,Михайловичем
Андрій Герус,Герусові,Андрії,Михайловичу
Андрій Герус,Герусу,Андрії,Михайловичу
Данило Гетманцев,Гетманцев,Данило,Олександрович
Данило Гетманцев,Гетманцева,Данила,Олександровича
Данило Гетманцев,Гетманцевові,Данилу,Олександровичу
Данило Гетманцев,Гетманцевові,Данилові,Олександровичу
Данило Гетманцев,Гетманцеву,Данилу,Олександровичу
Данило Гетманцев,Гетманцеву,Данилові,Олександровичу
Данило Гетманцев,Гетманцевом,Данилом,Олександровичем
Данило Гетманцев,Гетманцевові,Данилі,Олександровичу
Данило Гетманцев,Гетманцеву,Данилі,Олександровичу
Сергій Льовочкін,Льовочкін,Сергій,Володимирович
Сергій Льовочкін,Льовочкіна,Сергія,Володимировича
Сергій Льовочкін,Льовочкінові,Сергію,Володимировичу
Сергій Льовочкін,Льовочкінові,Сергієві,Володимировичу
Сергій Льовочкін,Льовочкіну,Сергію,Володимировичу
Сергій Льовочкін,Льовочкіну,Сергієві,Володимировичу
Сергій Льовочкін,Льовочкіном,Сергієм,Володимировичем
Сергій Льовочкін,Льовочкінові,Сергії,Володимировичу
Сергій Льовочкін,Льовочкіну,Сергії,Володимировичу
Геннадій Кернес,Кернес,Геннадій,Адольфович
Геннадій Кернес,Кернеса,Геннадія,Адольфовича
Геннадій Кернес,Кернесові,Геннадію,Адольфовичу
Геннадій Кернес,Кернесові,Геннадієві,Адольфовичу
Геннадій Кернес,Кернесу,Геннадію,Адольфовичу
Геннадій Кернес,Кернесу,Геннадієві,Адольфовичу
Геннадій Кернес,Кернесом,Геннадієм,Адольфовичем
Геннадій Кернес,Кернесові,Геннадії,Адольфовичу
Геннадій Кернес,Кернесу,Геннадії,Адольфовичу
Геннадій Труханов,Труханов,Геннадій,Леонідович
Геннадій Труханов,Труханова,Геннадія,Леонідовича
Геннадій Труханов,Труханову,Геннадію,Леонідовичу
Геннадій Труханов,Труханову,Геннадієві,Леонідовичу
Геннадій Труханов,Трухановим,Геннадієм,Леонідовичем
Геннадій Труханов,Труханові,Геннадієві,Леонідовичу
Геннадій Труханов,Труханові,Геннадії,Леонідовичу
Геннадій Труханов,Труханову,Геннадії,Леонідовичу
Андрій Садовий,Садовий,Андрій,Іванович
Андрій Садовий,Садового,Андрія,Івановича
Андрій Садовий,Садовому,Андрію,Івановичу
Андрій Садовий,Садовому,Андрієві,Івановичу
Андрій Садовий,Садовим,Андрієм,Івановичем
Андрій Садовий,Садовому,Андрії,Івановичу
Євгеній Мураєв,Мураєв,Євгеній,Володимирович
Євгеній Мураєв,Мураєва,Євгенія,Володимировича
Євгеній Мураєв,Мураєвові,Євгенію,Володимировичу
Євгеній Мураєв,Мураєвові,Євгенієві,Володимировичу
Євгеній Мураєв,Мураєву,Євгенію,Володимировичу
Євгеній Мураєв,Мураєву,Євгенієві,Володимировичу
Євгеній Мураєв,Мураєвом,Євгенієм,Володимировичем
Євгеній Мураєв,Мураєвові,Євгенії,Володимировичу
Євгеній Мураєв,Мураєву,Євгенії,Володимировичу
Борис Філатов,Філатов,Борис,Альбертович
Борис Філатов,Філатова,Бориса,Альбертовича
Борис Філатов,Філатову,Борисові,Альбертовичу
Борис Філатов,Філатову,Борису,Альбертовичу
Борис Філатов,Філатовим,Борисом,Альбертовичем
Борис Філатов,Філатові,Борисові,Альбертовичу
Борис Філатов,Філатові,Борису,Альбертовичу
Володимир Гройсман,Гройсман,Володимир,Борисович
Володимир Гройсман,Гройсмана,Володимира,Борисовича
Володимир Гройсман,Гройсманові,Володимирові,Борисовичу
Володимир Гройсман,Гройсманові,Володимиру,Борисовичу
Володимир Гройсман,Гройсману,Володимирові,Борисовичу
Володимир Гройсман,Гройсману,Володимиру,Борисовичу
Володимир Гройсман,Гройсманом,Володимиром,Борисовичем
Олексій Гончарук,Гончарук,Олексій,Валерійович
Олексій Гончарук,Гончарука,Олексія,Валерійовича
Олексій Гончарук,Гончарукові,Олексію,Валерійовичу
Олексій Гончарук,Гончарукові,Олексієві,Валерійовичу
Олексій Гончарук,Гончаруку,Олексію,Валерійовичу
Олексій Гончарук,Гончаруку,Олексієві,Валерійовичу
Олексій Гончарук,Гончаруком,Олексієм,Валерійовичем
Олексій Гончарук,Гончарукові,Олексії,Валерійовичу
Олексій Гончарук,Гончаруку,Олексії,Валерійовичу
Денис Шмигаль,Шмигаль,Денис,Анатолійович
Денис Шмигаль,Шмигаля,Дениса,Анатолійовича
Денис Шмигаль,Шмигалю,Денисові,Анатолійовичу
Денис Шмигаль,Шмигалю,Денису,Анатолійовичу
Денис Шмигаль,Шмигалеві,Денисові,Анатолійовичу
Денис Шмигаль,Шмигалеві,Денису,Анатолійовичу
Денис Шмигаль,Шмигалем,Денисом,Анатолійовичем
Денис Шмигаль,Шмигалі,Денисові,Анатолійовичу
Денис Шмигаль,Шмигалі,Денису,Анатолійовичу
Сергій Шахов,Шахов,Сергій,Володимирович
Сергій Шахов,Шахова,Сергія,Володимировича
Сергій Шахов,Шахову,Сергію,Володимировичу
Сергій Шахов,Шахову,Сергієві,Володимировичу
Сергій Шахов,Шаховим,Сергієм,Володимировичем
Сергій Шахов,Шахові,Сергієві,Володимировичу
Сергій Шахов,Шахові,Сергії,Володимировичу
Сергій Шахов,Шахову,Сергії,Володимировичу
