word;tone
аборт;-1
абсурд;-1
абсурдний;-1
абсурдно;-1
аварійний;-1
аварія;-1
автентичний;1
автомат;-1
авторитетний;1
агітка;-1
агонія;-1
агресивний;-1
агресія;-1
адекватний;1
адекватно;1
акуратний;1
алкаш;-2
алкоголізм;-1
алогічний;-1
альтруїстичний;1
амбітний;1
амбіція;1
амністія;1
аморальний;-1
аморфний;-1
ангельський;1
аномальний;-1
анти;-1
антиамериканський;-1
антигромадський;-1
антигуманний;-1
антидержавний;-1
антиконституційний;-1
антинаркотичний;1
антинародний;-1
антинауковий;-1
антирадянський;-1
антисанітарний;-1
антисеміт;-1
антисемітський;-1
антисоціальний;-1
антитерористичний;1
антиутопія;-1
антихристиянський;-1
апатичний;-2
апетитний;1
апокаліптичний;-1
арешт;-1
аромат;1
артилерист;-1
асоціальний;-1
атакувати;-1
афганський;-1
ахінея;-1
багатовимірний;1
багатогранний;1
багатодітний;1
багатомільйонний;-1
багатообіцяючий;1
бадьорий;1
бажаний;1
байдуже;-1
байдужий;-1
байдужість;-1
балаканина;-1
балакучий;-1
балалайка;-1
балувати;1
банальність;-1
банально;-1
банда;-1
бандит;-1
бандитський;-1
бандформування;-1
банкрут;-1
банкрутство;-1
безальтернативний;-1
безбожний;-1
безвихідний;-1
безвихідь;-1
безвідповідальний;-1
безвольний;-1
безглуздий;-1
безглуздість;-1
безглуздо;-1
безгрішний;1
безгрошовий;-1
бездарний;-1
бездарність;-2
бездіяльність;-1
бездіяти;-1
бездоганний;1
бездоганно;2
бездумний;-1
бездумно;-1
безжалісний;-1
безжально;-2
безжурний;2
беззавітний;1
беззаконний;-1
беззаконня;-1
беззахисний;-1
беззмістовний;-1
беззубий;-1
безідейний;-1
безініціативний;-1
безкарний;-2
безкарність;-1
безкомпромісний;-1
безконтрольний;-1
безкорисливий;1
безлад;-1
безладний;-1
безнадійний;-1
безнадія;-1
безодня;-1
безпека;1
безперебійний;1
безперечний;1
безперспективний;-1
безпечний;1
безпечно;2
безпідставний;-1
безповоротний;-1
безпокійний;-1
безпорадний;-2
безправний;-1
безпритульний;-1
безпрограшний;1
безпросвітний;-2
безпутний;-1
безрадісний;-1
безрезультатний;-1
безробіття;-1
безрозсудний;-1
безсердечний;-1
безсмачний;-1
безсмертний;2
безсовісний;-1
безсоромний;-1
безстрашний;1
безсумнівний;1
безтактовний;-1
безталанний;-1
безтолковий;-2
безумство;-1
безуспішний;-1
безхребетний;-1
безцеремонний;-1
безцільний;-1
безцінний;2
безчесний;-1
безчуттєвий;-1
бентежити;-1
бидло;-2
битва;-1
бити;-1
біда;-1
бідний;-1
бідність;-1
бідно;-1
біженець;-1
бійка;-1
бійня;-2
бісексуал;-1
благий;1
благовихований;1
благоговійний;1
благодать;1
благодійний;1
благодійник;1
благодійність;1
благозвучний;1
благополучний;2
благополучно;1
благородний;1
благорозумний;1
благословляти;1
благосний;1
благотворний;2
благоустрій;1
блаженний;1
блаженство;1
блатний;-2
ближній;1
блиск;2
блискучий;2
бліднути;-1
блокада;-1
блокадний;-1
блокуватися;-1
блювати;-1
блювотиння;-2
блядство;-2
бляклий;-1
богатирський;1
богобоязливий;-1
боговгодно;1
богомерзенний;-2
божевілля;-1
божественний;1
божеський;1
болісний;-2
болісно;-1
бомба;-1
бомбардувальник;-1
бомбардування;-1
бомбити;-1
бомбування;-1
борг;-1
борговий;-1
борець;1
боягуз;-2
боягузливий;-2
боягузтво;-1
боязкуватий;-1
боязнь;-1
бракувати;-1
братовбивчий;-1
брехати;-1
брехливий;-2
брехня;-1
бродяга;-1
бруд;-1
брудний;-2
бруднити;-1
бувалий;1
буйний;-1
бунтівник;-1
бунтувати;-1
буржуазія;-1
буржуй;-1
буркотливий;-1
бухати;-2
бюрократ;-1
бюрократія;-1
в'язень;-1
в'язниця;-1
в'ялий;-1
важковиліковний;-2
важкувато;-1
валитися;-1
варварський;-1
ваххабіт;-1
вбивати;-2
вбити;-2
вбивство;-1
вбивця;-2
вбивчий;-1
ввічливий;1
ввічливість;1
вгадувати;1
вдалий;1
вдало;1
вдосконалення;1
вдячний;1
везучий;1
велелюбний;1
великомасштабний;2
великорос;-1
великоруський;1
великосвітський;-1
величний;2
вельмишановний;1
венеричний;-1
верескливий;-1
верещати;-1
веселитися;1
ветхий;-1
вечірка;1
взаємовигідний;1
вибачення;1
вибух;-1
вибухати;-1
виверт;-1
вивчення;1
вигадливий;1
вигадувати;-1
вигідний;1
вигідно;1
вигнанець;-1
вигнання;-2
вигода;1
виграш;1
видаляти;-1
видворяти;-1
видовищний;1
визвольний;1
викидати;-1
викрадати;-1
викрадач;-1
викрадення;-1
викривач;-1
викурювати;-1
вилучення;-1
виляти;-1
вимагати;-1
вимирання;-1
вимирати;-2
винищувати;-1
винний;-1
винність;-1
винуватий;-1
випереджати;1
виправдання;-1
виправдувальний;1
виразний;1
вироджуватися;-1
виродок;-1
вирок;-1
висадка;-1
виселення;-1
висміювати;-2
виснаження;-1
виснажливий;-1
високоефективний;2
висококваліфікований;2
висококласний;2
високоміцний;1
високоморальний;1
високооплачуваний;1
високоосвічений;1
високоповажний;1
високопродуктивний;1
високопрофесійний;1
високотехнологічний;1
високоточний;1
високохудожній;1
високоякісний;2
вистрілювати;-1
витік;-1
витісняти;-1
витончений;1
витончено;1
витратити;-1
витратний;-2
витривалий;1
відбувати;-1
відвага;1
відважний;2
відданість;1
відкритість;1
відкушувати;-1
відмивання;-1
відмінний;2
відмінниця;1
відмовляти;-1
відмовлятися;-1
відморозок;-2
відновлення;1
відображати;1
відраза;-1
відринутий;-1
відрізати;-1
відродження;1
відроджувати;1
відроджуватися;1
відрубувати;-1
відсидка;-2
відсіч;1
відставати;-1
відсторонення;-1
відстороняти;-1
відторгнення;-1
відхилення;-1
відхиляти;-1
відхожий;-1
відчай;-2
війна;-1
вільнодумний;1
вірність;1
віроломний;-2
вірусний;-1
вітати;1
вітатися;1
вічний;1
віщий;1
вмирати;-1
вогневий;-1
вогник;1
воістину;1
вольовий;1
ворог;-2
ворожий;-1
впарювати;-1
впевнений;1
впевненість;1
впевнено;1
впертий;-1
впливовий;1
впровадження;1
вражати;1
вражаючий;1
врегулювання;1
всеблагий;1
вселенський;1
всемогутній;1
всеосяжний;1
всеохоплюючий;1
всепереможний;1
всеросійський;1
втеча;-1
втішати;1
втома;-1
втомлюватися;-1
вторгатися;-1
вторгнення;-1
втрата;-1
втратити;-1
втричі;-1
втручання;-1
втручатися;-1
вузьколобий;-1
вціліти;1
галасливий;-1
гальмо;-1
гальмувати;-1
ганебний;-2
ганьба;-2
гарантійний;1
гарантований;1
гармонійний;1
гармонійно;1
гармонія;1
гарненько;1
гаснути;-2
гвалтувати;-1
генералісимус;1
геніальний;1
геній;2
героїн;-2
героїчний;2
героїчно;1
герой;1
геройство;1
гидота;-2
гидувати;-1
гинути;-1
гівняний;-2
гідний;1
гідність;1
гільза;-1
гіпертрофований;-1
гітлерівець;-1
гітлерівський;-1
гламурний;-1
глибокодумний;1
гнаний;-1
гнида;-2
гнилий;-2
гнів;-1
гнівний;-1
гнітити;-2
гнітючий;-1
гнобити;-1
голодомор;-1
голослівний;-1
гомеричний;-1
гомофоб;-1
гоніння;-1
гопник;-1
гордість;1
гордовитий;-1
горілий;-1
горіти;-1
грабіжник;-1
грабіжницький;-2
грабувати;-1
грамотний;1
грамотно;1
гранатомет;-1
граціозний;1
грибковий;-1
гріх;-1
гріховний;-1
грішний;-1
громіздкий;-1
грубуватий;-1
грунтовний;1
ґрунтовний;1
групка;-1
губитися;-1
гудіти;-1
гуманістичний;1
гуманний;1
гумор;1
гумористичний;1
даремний;-1
даремно;-1
дарувати;1
дбайливий;1
двієчник;-1
двосторонній;1
двоякий;-1
дев'яностий;-1
девіантний;-1
дегенерат;-2
дегенеративний;-1
деградація;-1
деградувати;-2
дезінформація;-1
декласований;-1
демон;-1
демонічний;-1
депортація;-1
депресивний;-1
депресія;-1
деспотичний;-2
дестабілізація;-1
деструктивний;-1
дефект;-1
дефіцит;-1
дефіцитний;-1
джинса;-1
диверсант;-1
диверсійний;-1
диверсія;-1
дивина;-1
дивний;-1
дивовижний;1
дикий;-2
дикість;-1
дилетантський;-1
дипломатія;1
дисгармонійний;-1
дискомфортний;-1
дискредитація;-1
дискредитувати;-1
дискримінаційний;-1
дискримінація;-1
дитинство;1
дитя;1
диявол;-1
диявольський;-2
дівка;-1
дідівщина;-1
дірка;-1
дірявий;-1
дітлахи;1
діяч;-1
добірний;-1
доблесний;1
доблесть;1
добрий;1
добро;1
добровільно;1
доброволець;1
добровольчий;1
доброзичливий;1
добропорядний;2
доброта;1
добротний;1
доброчесний;1
доброякісний;1
довговічний;1
довіра;1
довірчий;1
довіряти;1
довічний;-2
докочуватися;-1
докучливий;-1
домагання;-2
допитувати;-1
доплата;1
допомога;1
доречний;1
дорікати;-1
дорогоцінний;1
дорожнеча;-1
досконалість;1
дослідження;1
достовірно;1
досягнення;1
дохнути;-2
доходність;1
доцільний;1
драматичний;-1
дратівливий;-1
дратувати;-1
дріб'язковий;-1
другосортний;-1
дружити;1
дружній;1
дупа;-2
дурацький;-1
дурість;-2
дурний;-2
дурник;-1
дурниця;-1
дурнуватий;-1
духовність;1
душити;-1
дякувати;1
егоїстичний;-1
егоцентричний;-1
ейфорія;2
еквівалентний;1
екологічний;1
економити;-1
ексклюзивний;1
експансія;-1
експлуатувати;-1
експресивний;-1
експропріація;-1
екстравагантний;-1
екстремальний;1
екстремізм;-1
екстремістський;-1
елегантний;1
елітний;1
ембарго;-1
енергійний;2
енергонезалежний;1
епічний;1
епохальний;1
еротичний;-1
естетичний;1
етичний;1
ефект;1
ефективний;1
ефективність;2
ефективно;1
ефемерний;-1
єдність;1
єресь;-1
єхидний;-2
жаданий;1
жадібний;-1
жадібність;-1
жалити;-1
жартівливий;1
жахати;-1
жахатися;-1
жахливий;-2
жахливо;-2
жебрак;-1
жертва;-2
жертвувати;-1
живий;1
животрепетне;1
живучий;1
жид;-1
жидівський;-1
життєздатний;1
життєрадісний;1
життєстверджуючий;1
жіночний;1
жовчний;-1
жопа;-2
жорстокий;-2
жорстокість;-2
жура;-1
з'єднання;-1
заарештований;-1
забезпечення;1
забивати;-1
заблудлий;-1
заблукати;-1
заборгованість;-1
заборонний;-1
забороняти;-1
заборонятися;-1
забруднення;-1
завербовувати;-1
завзятий;1
завзятість;1
завивання;-1
завивати;-1
завчасний;1
загальнолюдський;1
загальносвітовий;1
загарбник;-1
загибель;-1
загинути;-2
загострення;-1
загострюватися;-1
загрожувати;-2
загроза;-1
загубити;-1
задавлювати;-1
задоволення;2
задушевний;1
задушити;-1
зажертися;-2
заздрісний;-1
заздрість;-1
зайвий;-1
зайобувати;-2
заклопотаність;-1
закомплексований;-1
закохуватися;1
закурювати;1
залучати;1
залякування;-1
заманливий;1
замах;-1
замикати;-1
замкнутий;-1
замовчувати;-1
заморочуватися;-1
занепад;-1
занепадницький;-1
занепокоєння;-1
занудний;-1
занудьгувати;-1
заохочувальний;1
запалення;-1
запаморочливий;1
запеклий;-1
запідозрювати;-1
запізнення;-1
заплутувати;-1
запобігати;1
заповітний;1
заражати;-1
заражатися;-1
зараження;-1
зараза;-2
зарізати;-2
заробітчанин;-1
заручник;-1
засвічуватись;-1
засідка;-1
заслуга;1
заслужений;1
заслужено;1
засмучувати;-1
засмучуватися;-1
заспокоювати;1
заспокоюватися;1
застарівати;-1
застарілий;-1
застійний;-1
застрелюватися;-1
засуджувати;-1
затишний;1
затоплення;-1
затоплювати;-1
затягуватися;-1
зауваження;-1
захват;2
захворювання;-1
захист;1
заховати;-1
захоплюючий;1
зациклюватися;-1
зацікавлювати;1
зачаровувати;1
зашкалювати;-1
зашкарублий;-1
зашквар;-1
збанкрутувати;-1
збитковий;-1
збиток;-1
збільшувати;1
зближення;1
збочення;-1
збочувати;-1
зброя;-1
збудник;-1
звалювати;-1
звалюватися;-1
звинувачення;-1
звинувачувати;-1
звіріти;-1
звірство;-2
звітувати;-1
зволікати;-1
зворушливий;1
згвалтування;-2
згвалтувати;-2
зграя;-1
згубний;-1
здирство;-1
здорожчати;-1
здохнути;-2
здравий;1
здраво;1
здравомислячий;1
зек;-1
зіпсувати;-1
зіпсуватися;-1
зірка;1
зіткнення;-1
зламатися;-1
зламувати;-1
зле;-1
зливати;-1
злидні;-1
злий;-1
злитися;-1
злиття;1
злісний;-2
злість;-2
зло;-1
зловживання;-2
зловмисний;-1
зловмисник;-2
злодіяння;-2
злом;-1
злопам'ятний;-1
злорадний;-1
злочин;-1
злочинний;-1
злощасний;-1
злоякісний;-1
злякатися;-1
змітати;-1
зміцнення;1
змова;-1
змовник;-1
змучений;-1
змушувати;-1
знаменний;1
значний;1
зневажливий;-1
знехотя;-1
знешкоджувати;1
знижуватися;-1
знищення;-1
знищувати;-1
знищуватися;-1
зніяковілість;-1
знос;-1
знущальний;-1
знущатися;-2
зобов'язувати;-1
золотий;1
зомбі;-1
зомбувати;-1
зрада;-2
зраджувати;-1
зривати;-1
зручний;1
зручність;1
зручно;1
зсув;-1
зубожілий;-1
зупинка;-1
зухвалий;1
ідеал;1
ідеалізм;1
ідеальний;1
ідейний;1
ідіот;-1
ідіотизм;-2
ідіотський;-2
ілюзія;-1
імператорський;1
імпонувати;1
імунітет;1
інвалід;-1
інвалідність;-1
індиферентний;-1
індульгенція;1
інноваційний;1
інородець;-1
інсульт;-1
інтеграція;1
інтелектуал;1
інтелектуальний;1
інтелігентний;1
інтелігенція;1
інтенсивний;1
інтервенція;-1
інфантильний;-1
інфаркт;-1
інфернальний;-1
інформувати;1
інцест;-1
інцидент;-1
іракський;-1
іржавий;-1
ісламіст;-1
ісламістський;-1
істеричний;-1
істинний;1
істинно;1
їдкий;-1
каліцтво;-1
калічити;-1
капіталіст;-1
карати;-1
карколомний;1
катаклізм;-1
катастрофа;-1
катастрофічний;-2
катастрофічно;-2
категоричний;-1
каторжна;-2
катувати;-1
каюта;1
кваліфікований;1
кволий;-1
кепський;-1
кислий;-1
кілер;-1
кінчений;-2
кістлявий;-1
класний;1
коливатися;-1
колись;-1
комедія;1
компанійський;1
компетентний;1
комплімент;1
компроміс;1
комфортабельний;1
комфортний;1
комфортно;1
конкурентний;1
конкурентоспроможний;1
конструкція;1
контрабанда;-1
контртерористичний;1
конфіскація;-1
конфіскувати;-1
конфлікт;-1
конфліктний;-1
концтабір;-1
коняка;1
копійчаний;-1
копіткий;1
корисливий;-1
коротенький;1
корумпувати;-1
корупційний;-1
корупціонер;-1
корупція;-1
корявий;-1
кошмар;-1
кошмарний;-1
коштовний;-1
крадіжка;-1
крапелька;1
крапельниця;-1
красивий;1
красномовний;1
красти;-2
крах;-2
кращати;1
кращий;1
кривавий;-2
кривдник;-1
криза;-1
кризовий;-1
крик;-1
крикливий;-1
кримінал;-1
криміналістичний;-1
криміногенний;-1
критикувати;-1
крихкий;-1
кричущий;-1
кришталевий;1
кровожерливий;-2
кровопролитний;-1
кровопролиття;-2
кровотеча;-1
крутий;1
ксенофобія;-1
кульгати;-1
куля;-1
купка;-1
куртуазний;-1
кухарка;-1
лайливий;-1
ламати;-1
ламатися;-1
ласий;1
ласкавий;1
лауреат;2
лаятися;-1
левиний;1
легальний;1
легендарний;1
легітимний;1
легкий;1
легкість;1
легковажний;-1
легковірний;-1
ледар;-1
ледачий;-1
лесбійка;-1
лженаука;-1
липовий;-2
лихо;-1
лихоманка;-1
лицемірний;-1
лицемірно;-1
ліквідація;-1
ліквідний;1
ліки;1
лікувальний;1
лопнути;-1
лохів;-1
лояльність;1
лузер;-2
лукавий;-1
лукавити;-1
люб'язний;1
люблячий;1
людинолюбний;1
людиноненависницький;-2
людожер;-1
лють;-2
лякати;-1
ляп;-1
м'якотілих;-1
м`ясопродукт;-1
магічний;1
мажор;-1
мажорний;-1
маловивчений;-1
малограмотний;-1
малодоступний;-1
малоефективний;-1
малоосвічений;-1
малоцікавий;-1
малуватий;-1
мальовничий;1
малювання;1
маніакальний;-1
маніпулювати;-1
маніпуляція;-1
манірний;-1
маразматичний;-1
маргінал;-1
маріонетка;-1
марний;-1
марність;-1
марнославство;-1
масштабний;1
матінка;1
мафіозний;-1
мафія;-1
медаліст;1
мелодійний;1
менінгіт;-1
меншість;-1
мерзенний;-2
мерзота;-2
меркантильний;-1
мертвий;-2
мертвонароджений;-1
милосердний;1
милосердя;1
милуватися;1
мимоволі;-1
миролюбний;1
миротворець;1
миротворчий;1
мистецтво;1
миш'як;-1
містечко;1
містечковий;-1
місткий;1
місто-герой;1
міфічний;-1
міцний;1
міцність;1
мішанина;-1
млявий;-1
множинний;-1
могила;-1
могутній;1
могутність;1
модернізувати;1
моджахед;-1
монстр;-1
монументальний;1
моральність;1
моторошний;-1
мочити;-1
мракобісний;-2
мракобісся;-2
мрійливий;1
мрія;1
мріяти;1
мстивий;-1
мститися;-1
мудрий;1
мудрість;1
мужній;1
мужність;2
мука;-1
мутний;-1
мученик;1
мучити;-1
мюнхенський;-1
набирати;-1
набридати;-1
набуття;1
нав'язливий;-1
нав'язування;-2
навішувати;-1
навмисний;-1
навтьоки;-1
нагадувати;-1
наганяти;-1
наговорювати;-1
нагорода;1
нагородження;1
нагороджувати;1
нагороджуватися;1
награбувати;-2
надгробок;-1
наддержава;1
надихати;1
надія;1
надлишковий;-1
надмірність;-1
надприбутковий;2
надриватися;-1
надуманий;-1
наживатися;-1
наївний;-1
наїзд;-1
найкращий;2
накидатися;-1
наклеп;-1
наклепницький;-1
накручувати;-1
налагоджувати;1
налякати;-1
нанесення;-1
напад;-1
нападати;-1
нападки;-1
напівмертвий;-1
напівписьменний;-1
наплювати;-1
наповал;-1
напруга;-1
напружувати;-1
наражати;-1
нарікання;-1
наркобізнес;-1
наркоманія;-1
наркоманський;-1
наркота;-2
наркотик;-1
наркотичний;-1
насаджувати;-1
насильник;-1
насильницький;-1
насильно;-1
насильство;-1
насолода;1
насолоджуватися;1
насрати;-2
настирливий;-1
насторожувати;-1
натовп;-1
натуральний;1
натяжка;-1
нахабно;-1
нахабство;-1
нахуй;-2
нацистський;-1
нашкодити;-1
неагресивний;1
неадекватний;-1
неадекватність;-2
неактуальний;-1
неакуратний;-1
небажаний;-1
небажання;-1
небайдужий;1
небанальний;1
небезкорисний;1
небезпечний;-1
небитий;1
неблагонадійний;-1
неблагополуччя;-1
неважливий;-1
невгамовний;-1
невдалий;-1
невдача;-1
невдачливий;-1
невдоволення;-2
невдячний;-1
невигідний;-1
невигідно;-1
невизнаний;-1
невизначений;-1
невиконаний;-1
невиконання;-1
невиліковний;-1
невимушений;1
невиплачений;-1
невиправданий;-1
невиправний;-1
невиразний;-1
невиразно;-1
невирішений;-1
невисокий;-1
невичерпний;1
невігластво;-1
невідповідний;-1
невідповідність;-1
невідступний;1
невірний;-1
невміння;-1
невпевнений;-1
невразливий;1
неврівноважений;-1
невтішний;-1
невтомний;1
негативний;-1
негативно;-1
негідний;-1
негідник;-1
неглибокий;-1
негода;-1
неграмотний;-1
негуманний;-1
недалекоглядний;-1
недбайливий;-1
недбалий;-1
недбалість;-2
недвозначний;-1
недешевий;-1
недисциплінований;-1
недитячий;-1
недієздатний;-1
недобросовісний;-1
недовговічний;-1
недовіра;-1
недовірливий;-1
недоглянутий;-1
недозволений;-1
недоладний;-1
недоладність;-1
недолік;-1
недолугий;-1
недолугість;-1
недолюблювати;-2
недоношений;-1
недопалок;-1
недоречний;-1
недорікуватий;-1
недоробка;-1
недорозвинений;-1
недосвідчений;1
недосконалий;-1
недостатній;-1
недостатність;-1
недостовірний;-1
недосяжний;1
недоторканність;1
недоумкуватість;-1
недружелюбний;-2
недружній;-1
неетичний;-1
неефективний;-1
неефективність;-1
неживий;-1
нежиттєздатний;-1
нез'ясований;-1
незабутній;1
незагойний;-1
незадовільний;-1
незадоволений;-1
незакінчений;-1
незаконний;-1
незамараний;1
незамінний;1
незаможний;-1
незаперечний;1
незапорошений;1
незаслужений;-1
незаслужено;-1
незатишний;-2
незатребуваний;-1
незбалансований;-1
незбутній;-1
незгідний;-1
нездатний;-1
нездатність;-1
нездійснений;-1
нездійсненний;-1
нездоровий;-1
неземний;1
незламний;1
незломлений;1
незмивний;-1
незміцнілий;-1
незрівнянний;2
незрозумілий;-1
незрозуміло;-1
незручний;-1
незручно;-1
неідеальний;-1
неінформативний;-1
неїстівний;-1
некваліфікований;-1
некерований;-1
некомпетентний;-1
неконкурентоспроможний;-1
неконтрольований;-1
неконфліктний;1
некоректний;-1
некультурний;-1
неласкавий;-1
нелегальний;-1
нелегітимний;-1
неліцензійний;-1
нелогічний;-1
нелогічність;-1
нелюбимий;-1
нелюбов;-1
нелюдський;-2
нелюдяний;-1
немаловажливий;1
немилосердний;-1
неминучість;-1
немислимий;-1
немислимо;-1
неміцний;-1
немічний;-1
неможливий;-1
неможливість;-1
немолодий;-1
ненавидіти;-2
ненависний;-2
ненависть;-2
ненавчений;-1
ненадійний;-1
ненажерливий;-1
неналежний;-1
ненаситний;-1
ненатуральний;-1
ненормальний;-1
ненормативний;-1
необ'єктивний;-1
необачний;-1
необгрунтований;-1
необдуманий;-1
необережний;-1
необов'язковий;-1
необтяжливий;1
неоднозначний;-1
неонацистський;-1
неопалюваний;-1
неоплачуваний;-1
неорганізований;-1
неоригінальний;-1
неосвічений;-1
неосяжний;1
неохайний;-2
неохоче;-1
неоціненний;1
непатріотичний;-1
неперевершений;1
неперевірений;-1
непередаваний;1
непередбачений;-1
непередбачуваний;-1
непереконливий;-1
непереможений;1
непереможний;1
непідготовлений;-1
непідконтрольний;-1
непідкупний;1
непідробний;1
неповага;-1
неповажний;-2
неповноцінний;-1
неповноцінність;-1
непоганий;1
непогано;1
непоказний;-1
непокірний;-1
непокора;-1
непомірний;-1
непопулярний;-1
непорозуміння;-1
непорядний;-1
непослідовний;-1
непотрібний;-1
неправда;-1
неправдоподібний;-1
неправильний;-1
неправильно;-1
неправомірний;-1
непрактичний;-1
неприбутковий;-1
непривабливий;-1
непривітний;-1
неприглядний;-1
непридатний;-1
неприємний;-1
неприємність;-1
неприйнятний;-1
неприйняття;-1
неприкметний;-1
неприкритий;-1
непримиренний;-1
непримітний;-1
неприпустимий;-1
неприродний;-1
непристойний;-1
непристосований;-1
неприязний;-1
непробивний;1
непродуктивний;-1
непродуманий;-1
непросвітлений;-1
непростимий;-1
непрофесійний;-1
непроханий;-2
непрошений;-1
нерадісний;-1
нервовий;-1
нервозний;-1
нервувати;-1
нереалізований;-1
нереалістичний;-1
нереальність;-1
нерівний;-1
нерівність;-1
нерішучий;-1
нероба;-1
нерозв'язний;-1
нерозуміння;-1
нерозумний;-1
нерозумно;-1
несамовитий;-1
несамостійний;-1
несанкціонований;-1
несвідомий;-1
несексуальний;-1
несерйозний;-1
несиметричний;-1
несимпатичний;-1
несистемний;-1
несказаний;1
нескладно;1
нескромний;-1
неслухняний;-1
несмачний;-1
несплата;-1
несплачений;-1
несповідимий;-1
неспокійний;-1
несправедливо;-2
несправний;-1
несприятливий;-1
неспроможність;-1
нестабільний;-1
нестабільність;-1
нестандартний;1
нестаріючий;1
нестерпний;-2
нестриманий;-1
несумісний;-1
несучасний;-1
несхвальний;-1
нетверезий;-1
нетерпіння;-1
нетерплячий;-1
неточний;-1
неточність;-1
неув'язка;-1
неуважний;-1
неугодний;-1
неупереджений;1
неуспішний;-1
неушкоджений;1
нехороший;-1
нехтувати;-1
нецензурний;-1
нецивілізований;-2
нецікавий;-1
нечесний;-1
нечесно;-1
нечестивий;-1
нечистий;-1
нечисть;-1
нешкідливий;1
нещадний;-1
нещасливий;-2
нещастя;-2
нещирий;-1
неявний;-1
неякісний;-1
неясно;-1
низький;-1
низькооплачуваний;-1
низькопробний;-1
низькоякісний;-1
ниття;-1
нищівний;1
ніжність;1
нікудишній;-2
нікчема;-2
нікчемний;-2
німецько-фашистський;-1
нірвана;1
нісенітниця;-1
ніякий;-1
новаторський;1
новомодний;1
нормативний;1
нудний;-1
нуднуватий;-1
нудота;-1
нудотний;-2
нудьга;-1
об'єктивність;1
об'їдати;-1
обачний;1
обвал;-1
обвалення;-1
обвальний;-1
обвинувальний;-1
обгорілий;-2
обивательський;-1
обкладати;-1
обкрадати;-1
облізлий;-2
обманювати;-1
обмеженість;-1
обожнювати;1
обрадувати;1
ображати;-1
образа;-1
образливий;-2
обривати;-1
обрушувати;-1
обрушуватися;-1
обстріл;-1
обстрілювати;-1
обсценний;-1
обтяжливий;-1
обурення;-1
обурливий;-2
обурюватися;-1
обшук;-1
огидний;-2
одіозний;-1
одноголосний;1
однодумець;1
одноманітний;-1
одужання;1
одужувати;1
оживати;1
озброєння;-1
озвірілий;-2
оздоровлення;1
оздоровчий;1
окупант;-1
окупаційний;-1
окупувати;-1
олігарх;1
олігархічний;-1
олігархія;-1
онкологічний;-1
онкологія;-1
оплакувати;-1
оплески;1
оптимальний;1
оптимізм;1
оптимізувати;1
оптимістичний;1
оригінальний;1
оригінальність;1
осаджувати;-1
освітній;1
оскаржувати;-1
оскароносний;1
осуд;-1
отруєння;-1
отруйний;-1
отруювати;-1
офігенний;1
очищення;1
ощадливий;1
п'яний;-2
падати;-1
падіння;-1
панахида;-2
паніка;-1
панічний;-1
панування;1
парадоксально;1
паразитарний;-1
паразитичний;-1
паралізувати;-1
параноїдальний;-1
паритися;-1
паршивий;-1
паскудний;-2
пастка;-1
патогенний;-1
патологічний;-1
патологія;-1
патріотичний;1
пафос;-1
пафосний;-1
паща;-1
педерастична;-1
педерастія;-2
педофіл;-2
педофілія;-1
первозданний;1
перебільшувати;-1
перевага;1
переважний;1
перевищення;-1
перегороджувати;-1
передбачити;1
передозування;-1
передсмертний;-1
передчуття;1
переконливий;1
перекреслювати;-1
перемога;1
переможний;1
перенасичувати;-1
переплачувати;-1
пересічний;-1
переслідувати;-1
пересмикувати;-1
першокласний;2
першосортний;1
песимістичний;-1
печальний;-1
пиздець;-2
пильність;1
писклявий;-1
пихатий;-1
пишатися;1
пишність;2
пияцтво;-1
підарас;-2
підбивати;-1
підвищуватися;1
підводити;-1
піддаватися;-1
піддослідний;-1
підірвати;-1
підкріплення;1
підкуповувати;-1
підневільний;-1
підозра;-1
підозрілий;-1
підозрювати;-1
підпалювати;-1
підпорядковувати;-1
підривати;-1
підриватися;-1
підробка;-1
підроблений;-1
підробляти;-1
підсаджувати;-1
підсаджуватися;-1
підставний;-2
підступи;-1
підступний;-1
підсудний;-1
підтримувати;1
підтримуватися;1
пізнавальний;1
пізнавати;1
пізнання;1
піклуватися;1
пільговий;2
піратський;-1
піхва;-2
плагіат;-1
плаксивий;-1
плачевний;-1
плебейський;-1
плідний;1
плутанина;-1
плутатися;-1
плювати;-2
плюнути;-1
пневмонія;-1
по-дитячому;1
по-людськи;1
побиття;-1
поблажливий;-1
побої;-2
побоювання;-1
побоюватися;-1
повага;1
поважати;1
поважний;1
повалення;-1
повальний;-1
повільний;-1
повія;-2
повнофункціональний;1
повноцінний;1
повстання;-1
повчальний;1
повчання;1
поганий;-1
поганка;-1
погано;-1
погіршення;-1
погіршувати;-2
погіршуватися;-1
пограбування;-1
пограбувати;-1
погубити;-1
подільник;-1
подобатися;1
подолання;1
подружитися;1
подяка;1
подячний;1
пожертвування;1
пожертвувати;1
поживний;1
позаздрити;-1
позамежний;-2
позаплановий;-1
позбавлення;-1
позбавляти;-1
позбавлятися;-1
позитивний;1
позитивно;1
покарання;-2
покійний;-1
покупка;-1
полегшення;1
полегшувати;1
полінуватися;-1
поліпшення;1
поліпшувати;1
поліпшуватися;1
політкоректність;1
полон;-1
полохливий;-1
пом'якшення;1
пом'якшувати;1
померти;-1
помилка;-1
помилковий;-1
помилування;1
помилувати;1
помилуватися;1
помилятися;-1
поминальний;-1
помовчувати;-1
помпезний;-1
понаїжджати;-1
понуро;-1
поплакати;-1
поповнювати;1
популярний;1
порадити;1
порадувати;1
порвати;-1
поржати;-1
порівнянний;1
порнографія;-2
порочне;-1
порушення;-1
порушник;-1
порушувати;-1
порядний;1
порятунок;1
посередник;-1
посередній;-1
посилений;1
посібник;-1
поскаржитися;-1
послідовник;1
посміховисько;-2
посмішка;1
постаратися;1
постраждати;-1
постріл;-1
посягання;-1
потворний;-2
потенціал;1
потомство;1
потрібний;1
потрійний;1
потужно;1
похабний;-2
похвала;1
похвальний;1
похмілля;-1
похмурий;-1
поховати;-1
поцілунок;1
почесний;2
пошкодження;-1
пошкоджувати;-1
пошлий;-1
пошлість;-1
пошлятина;-1
пощаститися;1
правдоподібний;1
праведний;1
правильний;1
правильність;1
правовірний;1
правопорушення;-1
правопорядок;1
працелюбний;2
презентабельний;1
презирство;-1
прекрасно;1
премудрий;1
препоганий;-2
прескорботний;-1
претензійний;-1
пречистий;1
пречудовий;-1
прибутковий;1
привабливий;1
привабливість;1
приватизувати;-1
привілей;1
привілейований;1
привітання;1
привітний;1
пригальмовувати;-1
пригнічення;-2
пригнічувати;-1
приголомшливий;1
приголосний;1
придатний;1
приємний;1
приємно;1
приїдатися;-1
прийнятний;1
прийшлий;-1
прикрий;-2
прилітати;-1
применшувати;-1
примирення;1
примирливий;1
примітивний;-1
примітивність;-1
примус;-1
примусовий;-1
примушувати;-1
примха;-1
примхливий;-1
приниження;-1
принижувати;-2
принизливий;-2
припадок;-1
присікання;-1
пристойно;1
пристрілювати;-1
приурочувати;1
прихильний;1
приховування;-1
пришелепкуватий;-1
пріоритет;1
проблема;-1
проблематичний;-1
проблемний;-1
провальний;-1
провалювати;-1
провина;-1
провокаційний;-2
провокація;-1
провокувати;-1
прогинатися;-1
проголошувати;-1
програвати;-1
програші;-1
прогрес;1
прогресивний;1
продуктивний;1
проігнорувати;-1
проклинати;-2
промахуватися;-1
променистий;1
проникати;-1
проникливий;1
пропагандист;-1
пропадати;-1
просвітитель;1
просвітницький;1
прославляти;1
просторікування;-1
прострочувати;-1
проступок;-1
протест;-1
протестувати;-1
противник;-1
протизаконний;-1
протизапальний;1
протиприродний;-1
протиріччя;-1
протитанковий;-1
професійний;1
процвітання;1
процвітати;1
прощати;1
псевдо;-1
псевдонауковий;-1
псих;-1
психіатричний;-1
психотропний;-1
псуватися;-1
пузатий;-1
пунктуальний;1
пустушка;-1
пухлина;-1
пухнастий;1
рабовласник;-1
рабський;-1
радикал;-1
радіаційний;-1
радісний;1
радість;2
радіти;1
радувати;1
разюче;1
раптовий;-1
расистський;-1
рваний;-1
рвати;-1
реабілітаційний;1
реабілітувати;1
реаліті-шоу;-1
ревний;-1
революціонер;-1
реготати;1
результативний;1
рейдерське;-1
рекомендація;1
рекомендувати;1
рекордний;1
релевантний;1
репресивний;-1
репресія;-1
репресований;-1
репресувати;-1
респект;1
респектабельний;1
ретельний;1
ретельно;1
ридати;-1
ризикований;-1
ризикувати;-1
рихлий;-1
рівність;1
рівномірний;1
рівноправний;1
рівноправність;1
різноманітний;1
рішучий;1
рішучість;1
родзинка;1
родючий;1
розбагатіти;1
розбещувати;-2
розбирання;-1
розбійник;-1
розбійницький;-1
розв'язний;-1
розв'язування;-1
розв'язувати;-1
розвага;1
розважальний;1
розважливий;1
розвалювати;-1
розвалюватися;-1
розвивати;1
розвінчання;-1
розводити;-1
розгоратися;-1
розгром;-1
розгромити;-1
роздавлювати;-1
роздратування;-1
роздратувати;-2
роздувати;-1
роззброєння;1
розкіш;-1
розкішний;1
розкладання;-1
розкрадання;-1
розкрадати;-2
розкритиковувати;-2
розкутий;1
розлад;-1
розпалювання;-1
розпалювати;-1
розплакатися;-1
розплачуватися;-1
розпливчастий;-1
розправлятися;-1
розпуста;-1
розрізнений;-1
розруха;-2
розсекречувати;1
розстріл;-1
розстрілювати;-2
розтління;-1
розуміння;1
розумний;1
розумниця;1
розумно;1
розчаровуватися;-1
розчарування;-1
розчленовувати;-2
романтичний;1
рублевський;-1
руїна;-1
руйнівний;-1
руйнування;-1
руйнувати;-2
руйнуватися;-1
русофіл;1
русофобський;-1
рутинний;-1
рухнути;-1
рясний;1
рятівник;1
садити;-1
сакральний;1
самовільний;-1
самовпевнений;-1
самогубець;-1
самогубний;-2
самогубство;-2
самодостатній;1
самозакоханий;-1
самозваний;-1
самокритичний;1
самомилування;-1
самоокупний;1
самотній;-1
саркастичний;-1
сатана;-1
сатанинський;-2
сатиричний;-1
свавілля;-1
сваритися;-1
сварка;-1
свастика;-1
свиня;-1
свіженький;1
світлий;1
своєчасний;1
святенництво;-1
святиня;1
святість;1
святковий;1
святкування;1
свято;1
священний;1
сексуальність;1
сенсаційний;1
сентиментальний;-1
серіальний;-1
симпатизувати;1
симпатичний;1
симпатія;1
сирітство;-1
сифіліс;-1
сірість;-1
скаженіти;-1
сказ;-1
скандал;-1
скандальний;-1
скаржитися;-1
скачувати;-1
скептик;-1
скептичний;-1
скептично;-1
скидання;-1
скінхед;-1
скнара;-1
скороспішний;-1
скорочувати;-1
скорочуватися;-1
скотина;-1
скотитися;-1
скромний;1
скрупульозний;1
скрутний;-1
скудний;-1
слабенький;-1
слабкий;-1
слабкість;-1
слаборозвинений;-1
слабуватий;-1
слабшати;-1
славитись;1
славненько;1
сліпий;-1
сліпучий;1
сльозливий;-1
смачний;1
смердіти;-1
смердючий;-2
смертельний;-2
смертник;-2
смертниця;-2
смертність;-1
смертоносний;-2
смерть;-1
сміливість;1
сміття;-1
сміхотворний;-1
смішний;1
смутний;-1
снайпер;-1
снайперський;-1
снаряд;-1
совковий;-1
содом;-2
содомія;-1
сокирний;-1
соковитий;1
солідний;1
солодкий;1
сонячний;1
соромно;-2
сортирний;-1
союзницький;1
спадщина;1
спалахливий;-1
спасибі;1
спекулянт;-1
спекуляція;-1
спиватися;-1
спиздити;-2
співдружність;1
співкамерник;-1
співпереживати;1
співчувати;1
споглядання;1
сподобатися;1
споживати;-1
спокій;1
спокусливий;1
справді;1
справедливий;1
справлятися;1
справний;1
справно;1
сприяння;1
сприяти;1
сприятливий;2
спробувати;1
спровокувати;-1
спрощувати;1
ссати;-2
стабільність;1
старанний;1
старанність;1
старечий;-1
старовинний;1
стереотипний;-1
стійкий;1
стійкість;1
стогнати;-1
стопудовий;1
страждання;-1
страйк;-1
стратегія;1
стратити;-1
страшненький;-1
стресовий;-1
стримування;-1
стріляти;-1
строгість;-1
стрункий;1
струс;-1
стурбованість;-1
стурбувати;-1
суджений;-1
судитися;-1
судомний;-1
суїцид;-1
султан;1
сумбурний;-1
сумлінний;1
сумний;-1
сумнівний;-1
сумно;-2
сумувати;-1
супер;1
суперництво;-1
суперсучасний;1
супротивитися;-1
сутенер;-2
сутичка;-1
сучий;-2
сфальсифікувати;-1
схвалення;1
схвальний;1
схвалювати;1
сюрреалістичний;-1
тактовний;1
талановитий;1
тварюка;-2
твердий;-1
тверезомислячий;1
творчість;1
терапія;-1
терзати;-1
тернистий;-1
тероризувати;-1
терорист;-2
терористичний;-1
терористка;-2
терпіти;-1
терплячий;1
тиран;-1
тиранічний;-2
тиранія;-2
тиск;-1
титанічна;1
тіньовий;-1
тлінний;-1
товариство;1
товариський;1
токсичний;-1
тоскний;-1
тоталітарний;-1
точність;1
травма;-1
травматичний;-1
травмувати;-1
трагедія;-2
трагічний;-2
траурний;-1
трахати;-2
трахатись;-2
трахнути;-2
третьосортний;-2
тривога;-1
тривожний;-1
троцькіст;-1
трудівник;1
труїти;-2
трухлявий;-1
трястися;-1
туберкульоз;-1
туга;-1
тугий;-1
тужливий;-1
тупик;-1
тупиковий;-1
тупити;-2
тупуватий;-1
тушка;-1
тхнути;-1
тюремний;-1
тяганина;-1
тяжба;-1
тяжкий;-1
тяжкохворий;-1
убезпечити;1
убійний;-1
ублюдок;-2
ублюдочний;-2
убозтво;-2
уважний;1
увічнення;1
угодний;-1
угруповання;-1
ударний;-1
ударостійкий;1
удача;1
удачливий;1
удостоювати;1
удостоюватися;1
уїдливий;-1
улесливий;-1
улюблений;1
умисел;-1
умисний;-1
унікальність;1
упускати;-1
уразливий;-1
урожайний;1
урочистий;2
усвідомлювати;1
ускладнення;-1
ускладнювати;-1
ускладнюватися;-1
усміхнений;1
успіх;1
успішно;2
усувати;-1
утопічний;-1
утруднення;-1
ухилятися;-1
училка;-1
ущербний;-2
фальсифікація;-1
фальсифікувати;-1
фальшивий;-1
фамільярний;-1
фанатизм;-1
фанатик;-1
фантастичний;1
фатальний;-1
фашист;-1
фашистський;-1
феномен;1
феноменальний;1
фешенебельний;1
фігня;-2
фіговий;-1
фіктивний;-1
філігранний;1
формальний;-1
фотогенічний;1
хабар;-1
хабарник;-2
хакерський;-1
халява;1
хамський;-1
хамуватий;-2
хаотичний;-1
харизматичний;1
хвалений;-1
хвалитися;-1
хвилювання;-1
хворіти;-1
хвороба;-1
хворобливий;-1
хер;-2
хижак;-1
химерний;-1
хирлявий;-1
хисткий;-1
хитатися;-1
хитрий;1
хитрість;-1
ховати;-2
холод;-1
хоробрий;1
хоробрість;1
хороший;1
хохол;-1
хрипота;-1
хрустіти;-1
хтивий;-1
худий;-1
хуй;-1
хуйня;-1
хуліган;-1
хуліганський;-2
цвинтар;-1
цвілий;-1
цивілізаційний;1
цинізм;-1
цинічний;-1
цілеспрямований;1
цілісний;1
цілувати;1
цілющий;1
цінний;1
цінність;1
цнотливий;1
цунамі;1
чадний;-1
чарівний;1
чарівність;2
чекіст;-1
чеснота;1
чеченець;-1
чиновницький;-1
чистенький;1
чистота;1
читабельний;1
чіткість;1
чорнити;-2
чорт;-1
чудесний;2
чудовий;2
чудово;2
чудодійний;1
чудотворний;1
чужорідний;-1
чуйний;1
шаблонний;-1
шайка;-1
шаленість;-1
шана;1
шанувати;1
шахід;-2
шахраї;-1
шахрайство;-1
шахраюватий;-2
швидкозростаючий;1
шедевр;1
шизофренічний;-1
ширвжиток;-2
шкідливий;-1
шкідницький;-1
шкодоносний;-2
шовінізм;-1
шок;-1
шокувати;-1
шпигунство;-2
шприц;-1
штормовий;-1
штрафувати;-1
штурмувати;-1
щасливий;1
щастя;2
щедрий;1
щедро;1
щирий;1
щирість;1
щурячий;-2
якісний;1
якісно;1
янгол;1
яскравий;1
ясний;1
ясність;1